pasta,arquivo,url
2018,PagamentosEfetuados2018.xlsx,https://www.documentador.pr.gov.br/documentador/pub.do?action=d&uuid=@gtf-escriba-sefa@d1f69ccc-7499-4384-8c47-74520031b4ae
2019,01_Pagamentos_Efetuados_2019.xlsx,https://www.documentador.pr.gov.br/documentador/pub.do?action=d&uuid=@gtf-escriba-sefa@fb8250d2-efe5-4f0d-80fa-911e83ddc33b
2020/01_Consulta_por_Credor_Mensal_2020,01_Pagamento_Consulta_por_Credor_Janeiro_2020.xlsx,https://www.documentador.pr.gov.br/documentador/pub.do?action=d&uuid=@gtf-escriba-sefa@c1f654e5-9a13-41b5-9a21-5b2f452141ec
2020/01_Consulta_por_Credor_Mensal_2020,02_Pagamento_Consulta_por_Credor_Fevereiro_2020.xlsx,https://www.documentador.pr.gov.br/documentador/pub.do?action=d&uuid=@gtf-escriba-sefa@81d6953d-6d5c-4470-a5f3-73341db7758e
2020/01_Consulta_por_Credor_Mensal_2020,03_Pagamento_Consulta_por_Credor_Marco_2020.xlsx,https://www.documentador.pr.gov.br/documentador/pub.do?action=d&uuid=@gtf-escriba-sefa@6119eec5-2b6a-4bd6-84af-023a8799c622
2020/01_Consulta_por_Credor_Mensal_2020,04_Pagamento_Consulta_por_Credor_Abril_2020.xlsx,https://www.documentador.pr.gov.br/documentador/pub.do?action=d&uuid=@gtf-escriba-sefa@60a54874-4feb-4fe4-b328-1e129a3048dd
2020/01_Consulta_por_Credor_Mensal_2020,05_Pagamento_Consulta_por_Credor_Maio_2020.xlsx,https://www.documentador.pr.gov.br/documentador/pub.do?action=d&uuid=@gtf-escriba-sefa@b23f898d-f557-4ac9-b781-3538bd996a81
2020/01_Consulta_por_Credor_Mensal_2020,06_Pagamento_Consulta_por_Credor_Junho_2020.xlsx,https://www.documentador.pr.gov.br/documentador/pub.do?action=d&uuid=@gtf-escriba-sefa@bd3e874b-3b6a-405a-a6b8-4e6bd8e14e16
2020/01_Consulta_por_Credor_Mensal_2020,07_Pagamento_Consulta_por_Credor_Julho_2020.xlsx,https://www.documentador.pr.gov.br/documentador/pub.do?action=d&uuid=@gtf-escriba-sefa@57b988ec-612e-4ca2-aa98-118241e44b59
2020/01_Consulta_por_Credor_Mensal_2020,08_Pagamento_Consulta_por_Credor_Agosto_2020.xlsx,https://www.documentador.pr.gov.br/documentador/pub.do?action=d&uuid=@gtf-escriba-sefa@a3cde5ad-c3d0-4a10-a8f3-21cc8142bb82
2020/01_Consulta_por_Credor_Mensal_2020,09_Pagamento_Consulta_por_Credor_Setembro_2020.xlsx,https://www.documentador.pr.gov.br/documentador/pub.do?action=d&uuid=@gtf-escriba-sefa@53bd4385-ef67-4284-84da-fdb270b23335
2020/01_Consulta_por_Credor_Mensal_2020,10_Pagamento_Consulta_por_Credor_Outubro_2020.xlsx,https://www.documentador.pr.gov.br/documentador/pub.do?action=d&uuid=@gtf-escriba-sefa@6fe58442-4f88-4623-af59-9c8caad5c724
2020/01_Consulta_por_Credor_Mensal_2020,11_Pagamento_Consulta_por_Credor_Novembro_2020.xlsx,https://www.documentador.pr.gov.br/documentador/pub.do?action=d&uuid=@gtf-escriba-sefa@0f4b2441-3dfb-4fa4-b2c1-565a0d578f9e
2020/01_Consulta_por_Credor_Mensal_2020,12_Pagamento_Consulta_por_Credor_Dezembro_2020.xlsx,https://www.documentador.pr.gov.br/documentador/pub.do?action=d&uuid=@gtf-escriba-sefa@24be6993-9327-4b91-aa21-973981e67e5c
2020/02_Pagamentos_Efetuados_Consulta_por_Credor_2020,02_Pagamentos_Efetuados_Consulta_por_Credor_2020.xlsx,https://www.documentador.pr.gov.br/documentador/pub.do?action=d&uuid=@gtf-escriba-sefa@dc5d918a-1a76-4e81-9507-f30ae1309af7
2020/03_Consulta_Detalhada_2020/01_PDF,PDF_PTEDespesa012020_Jan.pdf,https://www.documentador.pr.gov.br/documentador/pub.do?action=d&uuid=@gtf-escriba-sefa@e158f6f8-10c7-44a5-934c-a5d889b10cc3
2020/03_Consulta_Detalhada_2020/01_PDF,PDF_PTEDespesa022020_Fev.pdf,https://www.documentador.pr.gov.br/documentador/pub.do?action=d&uuid=@gtf-escriba-sefa@518d31cb-d41d-4249-9809-7b2f4314a55d
2020/03_Consulta_Detalhada_2020/01_PDF,PDF_PTEDespesa032020_Mar.pdf,https://www.documentador.pr.gov.br/documentador/pub.do?action=d&uuid=@gtf-escriba-sefa@30245c21-6b37-44bf-a9c5-b7d495dc157e
2020/03_Consulta_Detalhada_2020/01_PDF,PDF_PTEDespesa042020_Abr.pdf,https://www.documentador.pr.gov.br/documentador/pub.do?action=d&uuid=@gtf-escriba-sefa@3903d63e-2347-4a1d-9791-1f3fc3d68bc5
2020/03_Consulta_Detalhada_2020/01_PDF,PDF_PTEDespesa052020_Mai.pdf,https://www.documentador.pr.gov.br/documentador/pub.do?action=d&uuid=@gtf-escriba-sefa@83f8e528-29df-49c2-8df5-1da08e5b3673
2020/03_Consulta_Detalhada_2020/01_PDF,PDF_PTEDespesa062020_Jun.pdf,https://www.documentador.pr.gov.br/documentador/pub.do?action=d&uuid=@gtf-escriba-sefa@a984e7af-7dc7-4037-b925-da3d4a45b969
2020/03_Consulta_Detalhada_2020/01_PDF,PDF_PTEDespesa072020_Jul.pdf,https://www.documentador.pr.gov.br/documentador/pub.do?action=d&uuid=@gtf-escriba-sefa@3e5cbc20-4dcb-4515-b6b6-adfb86d9e7c5
2020/03_Consulta_Detalhada_2020/01_PDF,PDF_PTEDespesa082020_Ago.pdf,https://www.documentador.pr.gov.br/documentador/pub.do?action=d&uuid=@gtf-escriba-sefa@a60f327b-cba6-4a10-87da-3283e13a0bbc
2020/03_Consulta_Detalhada_2020/01_PDF,PDF_PTEDespesa092020_Set.pdf,https://www.documentador.pr.gov.br/documentador/pub.do?action=d&uuid=@gtf-escriba-sefa@13776af1-76d0-4eaf-9aaa-af89f2c77d4f
2020/03_Consulta_Detalhada_2020/01_PDF,PDF_PTEDespesa102020_Out.pdf,https://www.documentador.pr.gov.br/documentador/pub.do?action=d&uuid=@gtf-escriba-sefa@03f8c290-2ea4-4132-8fb5-f805242d21dd
2020/03_Consulta_Detalhada_2020/01_PDF,PDF_PTEDespesa112020_Nov.pdf,https://www.documentador.pr.gov.br/documentador/pub.do?action=d&uuid=@gtf-escriba-sefa@4daf90f9-ec48-44b5-ac40-ea5e07f97cf7
2020/03_Consulta_Detalhada_2020/01_PDF,PDF_PTEDespesa122020_Dez.pdf,https://www.documentador.pr.gov.br/documentador/pub.do?action=d&uuid=@gtf-escriba-sefa@5b61f092-815f-412c-8dcc-ca364ed04f5c
2020/03_Consulta_Detalhada_2020/02_XLSX,01_Consulta_Detalhada_Atualizada_Jan_Dez_2020.xlsx,https://www.documentador.pr.gov.br/documentador/pub.do?action=d&uuid=@gtf-escriba-sefa@a6ce0c9b-74a8-4e3a-8cf4-4a4625a08a6b
2020/03_Consulta_Detalhada_2020/03_CSV,01_CSV_Despesas_Jan_2020.csv,https://www.documentador.pr.gov.br/documentador/pub.do?action=d&uuid=@gtf-escriba-sefa@459de62a-fc5f-4579-afee-b94635c63f4c
2020/03_Consulta_Detalhada_2020/03_CSV,02_CSV_Despesas_Fev_2020.csv,https://www.documentador.pr.gov.br/documentador/pub.do?action=d&uuid=@gtf-escriba-sefa@24dd0d77-374a-4619-959d-1ac45a906f74
2020/03_Consulta_Detalhada_2020/03_CSV,03_CSV_Despesas_Mar_2020.csv,https://www.documentador.pr.gov.br/documentador/pub.do?action=d&uuid=@gtf-escriba-sefa@3643bac6-452f-4e57-ba27-c92c7a54dab9
2020/03_Consulta_Detalhada_2020/03_CSV,04_CSV_Despesas_Abr_2020.csv,https://www.documentador.pr.gov.br/documentador/pub.do?action=d&uuid=@gtf-escriba-sefa@1d033ae2-dff0-48cc-bc49-bdd5fdf81c12
2020/03_Consulta_Detalhada_2020/03_CSV,05_CSV_Despesas_Mai_2020.csv,https://www.documentador.pr.gov.br/documentador/pub.do?action=d&uuid=@gtf-escriba-sefa@b179ed9d-741a-488d-833b-fe5fa1c8e596
2020/03_Consulta_Detalhada_2020/03_CSV,06_CSV_Despesas_Jun_2020.csv,https://www.documentador.pr.gov.br/documentador/pub.do?action=d&uuid=@gtf-escriba-sefa@76418d5f-d8d5-4543-80de-db47897fa9cb
2020/03_Consulta_Detalhada_2020/03_CSV,07_CSV_Despesas_Jul_2020.csv,https://www.documentador.pr.gov.br/documentador/pub.do?action=d&uuid=@gtf-escriba-sefa@6c672e5c-faaa-4313-a3f1-2bbedfa242bb
2020/03_Consulta_Detalhada_2020/03_CSV,08_CSV_Despesas_Ago_2020.csv,https://www.documentador.pr.gov.br/documentador/pub.do?action=d&uuid=@gtf-escriba-sefa@41be5ceb-38ef-430f-b9d1-50d15c8ae8b9
2020/03_Consulta_Detalhada_2020/03_CSV,09_CSV_Despesas_Set_2020.csv,https://www.documentador.pr.gov.br/documentador/pub.do?action=d&uuid=@gtf-escriba-sefa@938fd194-139d-434b-9529-b351d10440b2
2020/03_Consulta_Detalhada_2020/03_CSV,10_CSV_Despesas_Out_2020.csv,https://www.documentador.pr.gov.br/documentador/pub.do?action=d&uuid=@gtf-escriba-sefa@a4f3aea5-dde1-40de-be15-f911240bdf53
2020/03_Consulta_Detalhada_2020/03_CSV,11_CSV_Despesas_Nov_2020.csv,https://www.documentador.pr.gov.br/documentador/pub.do?action=d&uuid=@gtf-escriba-sefa@75e1c30c-eb3e-4dca-aa62-7a6e2d4fadfe
2020/03_Consulta_Detalhada_2020/03_CSV,12_CSV_Despesas_Dez_2020.csv,https://www.documentador.pr.gov.br/documentador/pub.do?action=d&uuid=@gtf-escriba-sefa@118c49d0-045a-444b-9dd9-a28256cfc683
2020/03_Consulta_Detalhada_2020/04_ODS,01_ODS_Despesas_Jan_2020.ods,https://www.documentador.pr.gov.br/documentador/pub.do?action=d&uuid=@gtf-escriba-sefa@785d61d1-8d81-4ada-bbe1-8f11ec2dde44
2020/03_Consulta_Detalhada_2020/04_ODS,02_ODS_Despesas_Fev_2020.ods,https://www.documentador.pr.gov.br/documentador/pub.do?action=d&uuid=@gtf-escriba-sefa@f2404796-8448-4c5e-84c9-33b3b9a974d6
2020/03_Consulta_Detalhada_2020/04_ODS,03_ODS_Despesas_Mar_2020.ods,https://www.documentador.pr.gov.br/documentador/pub.do?action=d&uuid=@gtf-escriba-sefa@4ce69b8d-8d01-4f6b-8b60-6e8b7d7a2b5e
2020/03_Consulta_Detalhada_2020/04_ODS,04_ODS_Despesas_Abr_2020.ods,https://www.documentador.pr.gov.br/documentador/pub.do?action=d&uuid=@gtf-escriba-sefa@3ce8bb25-a7c7-478b-baa3-c03e767d4a7a
2020/03_Consulta_Detalhada_2020/04_ODS,05_ODS_Despesas_Mai_2020.ods,https://www.documentador.pr.gov.br/documentador/pub.do?action=d&uuid=@gtf-escriba-sefa@00038dcf-015c-4023-b349-e6f1d15f6524
2020/03_Consulta_Detalhada_2020/04_ODS,06_ODS_Despesas_Jun_2020.ods,https://www.documentador.pr.gov.br/documentador/pub.do?action=d&uuid=@gtf-escriba-sefa@3da98693-f1e0-4372-8c81-4994d022543b
2020/03_Consulta_Detalhada_2020/04_ODS,07_ODS_Despesas_Jul_2020.ods,https://www.documentador.pr.gov.br/documentador/pub.do?action=d&uuid=@gtf-escriba-sefa@d2783d23-d998-47e3-9566-82620b539c45
2020/03_Consulta_Detalhada_2020/04_ODS,08_ODS_Despesas_Ago_2020.ods,https://www.documentador.pr.gov.br/documentador/pub.do?action=d&uuid=@gtf-escriba-sefa@2a75dd6f-58a9-4a77-a849-e13fff041a32
2020/03_Consulta_Detalhada_2020/04_ODS,09_ODS_Despesas_Set_2020.ods,https://www.documentador.pr.gov.br/documentador/pub.do?action=d&uuid=@gtf-escriba-sefa@51b13c46-ecf2-4cb4-8b2f-e105b65ab557
2020/03_Consulta_Detalhada_2020/04_ODS,10_ODS_Despesas_Out_2020.ods,https://www.documentador.pr.gov.br/documentador/pub.do?action=d&uuid=@gtf-escriba-sefa@b0b09d19-c6cd-4ec7-862c-7e1971ce6d93
2020/03_Consulta_Detalhada_2020/04_ODS,11_ODS_Despesas_Nov_2020.ods,https://www.documentador.pr.gov.br/documentador/pub.do?action=d&uuid=@gtf-escriba-sefa@c7f2b972-9d52-45a4-b542-e95b7b6d96b4
2020/03_Consulta_Detalhada_2020/04_ODS,12_ODS_Despesas_Dez_2020.ods,https://www.documentador.pr.gov.br/documentador/pub.do?action=d&uuid=@gtf-escriba-sefa@8e07363d-5762-4192-b51d-df6b128ce602
2021/01_Consulta_Detalhada_Atualizada_Jan_Dez_2021,01_Consulta_Detalhada_Atualizada_Jan_Dez_2021.xlsx,https://www.documentador.pr.gov.br/documentador/pub.do?action=d&uuid=@gtf-escriba-sefa@f25cf7ca-96cb-4c74-acc5-b23136380b83
2021/02_Consulta_Detalhada_por_Mes_2021/1_PDF,01_Despesas_Janeiro_2021.pdf,https://www.documentador.pr.gov.br/documentador/pub.do?action=d&uuid=@gtf-escriba-sefa@3eccf0fc-ac9f-4501-a1cb-010a92c39099
2021/02_Consulta_Detalhada_por_Mes_2021/1_PDF,02_Despesas_Fevereiro_2021.pdf,https://www.documentador.pr.gov.br/documentador/pub.do?action=d&uuid=@gtf-escriba-sefa@264a9920-ba8e-4b27-ba6b-538e09ec4622
2021/02_Consulta_Detalhada_por_Mes_2021/1_PDF,03_Despesas_Marco_2021.pdf,https://www.documentador.pr.gov.br/documentador/pub.do?action=d&uuid=@gtf-escriba-sefa@bc62d623-0295-44d6-8a17-f13aaaf48994
2021/02_Consulta_Detalhada_por_Mes_2021/1_PDF,04_Despesas_Abril_2021.pdf,https://www.documentador.pr.gov.br/documentador/pub.do?action=d&uuid=@gtf-escriba-sefa@7f17cd7f-41ca-4629-9359-ee96907da206
2021/02_Consulta_Detalhada_por_Mes_2021/1_PDF,05_Despesas_Maio_2021.pdf,https://www.documentador.pr.gov.br/documentador/pub.do?action=d&uuid=@gtf-escriba-sefa@f3b6a7d3-b802-4f15-8a02-89ee32e79ea4
2021/02_Consulta_Detalhada_por_Mes_2021/1_PDF,06_Despesas_Junho_2021.pdf,https://www.documentador.pr.gov.br/documentador/pub.do?action=d&uuid=@gtf-escriba-sefa@120234f0-cbf4-4a97-be9a-d98f44a9155f
2021/02_Consulta_Detalhada_por_Mes_2021/1_PDF,07_Despesas_Julho_2021.pdf,https://www.documentador.pr.gov.br/documentador/pub.do?action=d&uuid=@gtf-escriba-sefa@eacbfba2-9746-48a3-86f4-199816baef61
2021/02_Consulta_Detalhada_por_Mes_2021/1_PDF,08_Despesas_Agosto_2021.pdf,https://www.documentador.pr.gov.br/documentador/pub.do?action=d&uuid=@gtf-escriba-sefa@756c5593-cbbe-4d40-a528-834d3678d53e
2021/02_Consulta_Detalhada_por_Mes_2021/1_PDF,09_Despesas_Setembro_2021.pdf,https://www.documentador.pr.gov.br/documentador/pub.do?action=d&uuid=@gtf-escriba-sefa@3131e487-e149-4ba5-a72f-10170f044f73
2021/02_Consulta_Detalhada_por_Mes_2021/1_PDF,10_Despesas_Outubro_2021.pdf,https://www.documentador.pr.gov.br/documentador/pub.do?action=d&uuid=@gtf-escriba-sefa@f145c047-9688-412e-8723-22e1ae327e3b
2021/02_Consulta_Detalhada_por_Mes_2021/1_PDF,11_Despesas_Novembro_2021.pdf,https://www.documentador.pr.gov.br/documentador/pub.do?action=d&uuid=@gtf-escriba-sefa@c98c282c-654d-4549-a07e-b28a70d061d1
2021/02_Consulta_Detalhada_por_Mes_2021/1_PDF,12_Despesas_Dezembro_2021.pdf,https://www.documentador.pr.gov.br/documentador/pub.do?action=d&uuid=@gtf-escriba-sefa@32f5f460-acf2-4fe9-94b2-56caace223fd
2021/02_Consulta_Detalhada_por_Mes_2021/2_XLS,01_Consulta_Detalhada_Atualizada_Jan_Dez_2021.xlsx,https://www.documentador.pr.gov.br/documentador/pub.do?action=d&uuid=@gtf-escriba-sefa@c8fbe8cf-e326-4d17-920c-bfcdaa35bc5c
2021/02_Consulta_Detalhada_por_Mes_2021/3_ODS,01_ODS_Despesas_Jan_2021.ods,https://www.documentador.pr.gov.br/documentador/pub.do?action=d&uuid=@gtf-escriba-sefa@7385dc29-97da-45fe-82b4-f29af6682515
2021/02_Consulta_Detalhada_por_Mes_2021/3_ODS,02_ODS_Despesas_Fev_2021.ods,https://www.documentador.pr.gov.br/documentador/pub.do?action=d&uuid=@gtf-escriba-sefa@bcfbc5a2-7586-4e7a-8fb7-cd271eb479b4
2021/02_Consulta_Detalhada_por_Mes_2021/3_ODS,03_ODS_Despesas_Mar_2021.ods,https://www.documentador.pr.gov.br/documentador/pub.do?action=d&uuid=@gtf-escriba-sefa@893c0ca5-6feb-4cd6-b252-76f5916f9158
2021/02_Consulta_Detalhada_por_Mes_2021/3_ODS,04_ODS_Despesas_Abr_2021.ods,https://www.documentador.pr.gov.br/documentador/pub.do?action=d&uuid=@gtf-escriba-sefa@d421781d-eefc-4ea1-840e-8f3bdec9534a
2021/02_Consulta_Detalhada_por_Mes_2021/3_ODS,05_ODS_Despesas_Mai_2021.ods,https://www.documentador.pr.gov.br/documentador/pub.do?action=d&uuid=@gtf-escriba-sefa@499db34a-01a4-4ea4-a5fd-8752a390f943
2021/02_Consulta_Detalhada_por_Mes_2021/3_ODS,06_ODS_Despesas_Jun_2021.ods,https://www.documentador.pr.gov.br/documentador/pub.do?action=d&uuid=@gtf-escriba-sefa@da6dfb22-0d9d-40d0-9e2b-ba97c3660663
2021/02_Consulta_Detalhada_por_Mes_2021/3_ODS,07_ODS_Despesas_Jul_2021.ods,https://www.documentador.pr.gov.br/documentador/pub.do?action=d&uuid=@gtf-escriba-sefa@e1af3625-9c80-4c98-9480-be9c169616e1
2021/02_Consulta_Detalhada_por_Mes_2021/3_ODS,08_ODS_Despesas_Ago_2021.ods,https://www.documentador.pr.gov.br/documentador/pub.do?action=d&uuid=@gtf-escriba-sefa@c5215ede-96ed-46f9-a8a2-97299bb238e2
2021/02_Consulta_Detalhada_por_Mes_2021/3_ODS,09_ODS_Despesas_Set_2021.ods,https://www.documentador.pr.gov.br/documentador/pub.do?action=d&uuid=@gtf-escriba-sefa@14965450-f9db-4387-bb0b-f91ebb31712e
2021/02_Consulta_Detalhada_por_Mes_2021/3_ODS,10_ODS_Despesas_Out_2021.ods,https://www.documentador.pr.gov.br/documentador/pub.do?action=d&uuid=@gtf-escriba-sefa@b7553760-f231-4666-8fec-272c35d2692e
2021/02_Consulta_Detalhada_por_Mes_2021/3_ODS,11_ODS_Despesas_Nov_2021.ods,https://www.documentador.pr.gov.br/documentador/pub.do?action=d&uuid=@gtf-escriba-sefa@49ae5340-e6df-414a-86cb-406239828e96
2021/02_Consulta_Detalhada_por_Mes_2021/3_ODS,12_ODS_Despesas_Dez_2021.ods,https://www.documentador.pr.gov.br/documentador/pub.do?action=d&uuid=@gtf-escriba-sefa@ebbe15d8-9449-4a60-9346-3adae2091a67
2021/02_Consulta_Detalhada_por_Mes_2021/4_CSV,01_CSV_Despesas_Jan_2021.csv,https://www.documentador.pr.gov.br/documentador/pub.do?action=d&uuid=@gtf-escriba-sefa@13efae07-ac20-47d6-9b49-6816f059fe30
2021/02_Consulta_Detalhada_por_Mes_2021/4_CSV,02_CSV_Despesas_Fev_2021.csv,https://www.documentador.pr.gov.br/documentador/pub.do?action=d&uuid=@gtf-escriba-sefa@7fc73cf0-e64d-4a2d-89be-496bd86b439e
2021/02_Consulta_Detalhada_por_Mes_2021/4_CSV,03_CSV_Despesas_Mar_2021.csv,https://www.documentador.pr.gov.br/documentador/pub.do?action=d&uuid=@gtf-escriba-sefa@dc1c4cea-74ca-4608-8464-2690a5590f0f
2021/02_Consulta_Detalhada_por_Mes_2021/4_CSV,04_CSV_Despesas_Abri_2021.csv,https://www.documentador.pr.gov.br/documentador/pub.do?action=d&uuid=@gtf-escriba-sefa@d0605ed5-f7cc-461d-9131-ba5cfbb4ba8d
2021/02_Consulta_Detalhada_por_Mes_2021/4_CSV,05_CSV_Despesas_Mai_2021.csv,https://www.documentador.pr.gov.br/documentador/pub.do?action=d&uuid=@gtf-escriba-sefa@3596b30d-bba4-4b18-95fc-cdc3cfb20261
2021/02_Consulta_Detalhada_por_Mes_2021/4_CSV,06_CSV_Despesas_Jun_2021.csv,https://www.documentador.pr.gov.br/documentador/pub.do?action=d&uuid=@gtf-escriba-sefa@ae3bfcde-fc14-4cb7-80ff-e0fc83ed71b4
2021/02_Consulta_Detalhada_por_Mes_2021/4_CSV,07_CSV_Despesas_Jul_2021.csv,https://www.documentador.pr.gov.br/documentador/pub.do?action=d&uuid=@gtf-escriba-sefa@b77baab7-7a5e-4305-8b6c-e8b7ffa22dd5
2021/02_Consulta_Detalhada_por_Mes_2021/4_CSV,08_CSV_Despesas_Ago_2021.csv,https://www.documentador.pr.gov.br/documentador/pub.do?action=d&uuid=@gtf-escriba-sefa@24a78243-d27e-4794-bac9-4f2181c662b8
2021/02_Consulta_Detalhada_por_Mes_2021/4_CSV,09_CSV_Despesas_Set_2021.csv,https://www.documentador.pr.gov.br/documentador/pub.do?action=d&uuid=@gtf-escriba-sefa@9448f642-94c7-422d-88a6-36743cf4631d
2021/02_Consulta_Detalhada_por_Mes_2021/4_CSV,10_CSV_Despesas_Out_2021.csv,https://www.documentador.pr.gov.br/documentador/pub.do?action=d&uuid=@gtf-escriba-sefa@43f660a4-3b64-425c-8b27-a414463ce849
2021/02_Consulta_Detalhada_por_Mes_2021/4_CSV,11_CSV_Despesas_Nov_2021.csv,https://www.documentador.pr.gov.br/documentador/pub.do?action=d&uuid=@gtf-escriba-sefa@a5fd859a-000f-4a10-a1ac-155134b5fa16
2021/02_Consulta_Detalhada_por_Mes_2021/4_CSV,12_CSV_Despesas_Dez_2021.csv,https://www.documentador.pr.gov.br/documentador/pub.do?action=d&uuid=@gtf-escriba-sefa@728ade9b-1fa7-4115-8f76-68d725f27733
2021/03_Pagamentos_Efetuados_e_Consulta_por_Credor_2021,01_Pagamentos_Efetuados_Janeiro_2021.xlsx,https://www.documentador.pr.gov.br/documentador/pub.do?action=d&uuid=@gtf-escriba-sefa@8e46e0de-17fc-456e-ae7d-974e85587d0c
2021/03_Pagamentos_Efetuados_e_Consulta_por_Credor_2021,02_Pagamentos_Efetuados_Fevereiro_2021.xlsx,https://www.documentador.pr.gov.br/documentador/pub.do?action=d&uuid=@gtf-escriba-sefa@029b1ce9-2e27-4b97-9369-5ae39fa33dc5
2021/03_Pagamentos_Efetuados_e_Consulta_por_Credor_2021,03_Pagamentos_Efetuados_Marco_2021.xlsx,https://www.documentador.pr.gov.br/documentador/pub.do?action=d&uuid=@gtf-escriba-sefa@ea17cac9-6265-49c1-9487-015742d92a4e
2021/03_Pagamentos_Efetuados_e_Consulta_por_Credor_2021,04_Pagamentos_Efetuados_Abril_2021.xlsx,https://www.documentador.pr.gov.br/documentador/pub.do?action=d&uuid=@gtf-escriba-sefa@596bd29a-996e-4200-96b1-6f40a3d00c3c
2021/03_Pagamentos_Efetuados_e_Consulta_por_Credor_2021,05_Pagamentos_Efetuados_Maio_2021.xlsx,https://www.documentador.pr.gov.br/documentador/pub.do?action=d&uuid=@gtf-escriba-sefa@83055643-834f-4422-904d-0e9678cb3a98
2021/03_Pagamentos_Efetuados_e_Consulta_por_Credor_2021,06_Pagamentos_Efetuados_Junho_2021.xlsx,https://www.documentador.pr.gov.br/documentador/pub.do?action=d&uuid=@gtf-escriba-sefa@93f9c4e7-a3ad-43c5-b389-5295843e22b8
2021/03_Pagamentos_Efetuados_e_Consulta_por_Credor_2021,07_Pagamentos_Efetuados_Julho_2021.xlsx,https://www.documentador.pr.gov.br/documentador/pub.do?action=d&uuid=@gtf-escriba-sefa@849ffbe0-116c-4775-a0c3-8a1815c1753e
2021/03_Pagamentos_Efetuados_e_Consulta_por_Credor_2021,08_Pagamentos_Efetuados_Agosto_2021.xlsx,https://www.documentador.pr.gov.br/documentador/pub.do?action=d&uuid=@gtf-escriba-sefa@99515b7f-7a34-459a-8887-b1a7d94b1d1f
2021/03_Pagamentos_Efetuados_e_Consulta_por_Credor_2021,09_Pagamentos_Efetuados_Setembro_2021.xlsx,https://www.documentador.pr.gov.br/documentador/pub.do?action=d&uuid=@gtf-escriba-sefa@0726c0b1-dcbe-4f96-98e6-5c2b2b49b1f8
2021/03_Pagamentos_Efetuados_e_Consulta_por_Credor_2021,10_Pagamentos_Efetuados_Outubro_2021.xlsx,https://www.documentador.pr.gov.br/documentador/pub.do?action=d&uuid=@gtf-escriba-sefa@51c870ba-67c8-4b3b-b76e-c6bc5a4af2dd
2021/03_Pagamentos_Efetuados_e_Consulta_por_Credor_2021,11_Pagamentos_Efetuados_Novembro_2021.xlsx,https://www.documentador.pr.gov.br/documentador/pub.do?action=d&uuid=@gtf-escriba-sefa@b6bb909a-7f57-4b70-882f-416afc85166e
2021/03_Pagamentos_Efetuados_e_Consulta_por_Credor_2021,12_Pagamentos_Efetuados_e_Consulta_por_Credor_2021.xlsx,https://www.documentador.pr.gov.br/documentador/pub.do?action=d&uuid=@gtf-escriba-sefa@e3fd74e4-a71a-4214-8362-b215d7699ed7
2022/01_Consulta_Detalhada_2022/01_PDF,01_PTE_Despesa_2022_Jan.pdf,https://www.documentador.pr.gov.br/documentador/pub.do?action=d&uuid=@gtf-escriba-sefa@57df5e61-76e9-4967-b873-ac512c46fc2a
2022/01_Consulta_Detalhada_2022/01_PDF,02_PTE_Despesa_2022_Fev.pdf,https://www.documentador.pr.gov.br/documentador/pub.do?action=d&uuid=@gtf-escriba-sefa@d064c58c-3700-41a0-a91b-b1bb92244b51
2022/01_Consulta_Detalhada_2022/01_PDF,03_PTE_Despesa_2022_Mar.pdf,https://www.documentador.pr.gov.br/documentador/pub.do?action=d&uuid=@gtf-escriba-sefa@62b7abcf-9817-4989-9676-a8515bf886d5
2022/01_Consulta_Detalhada_2022/01_PDF,04_PTE_Despesa_2022_Abr.pdf,https://www.documentador.pr.gov.br/documentador/pub.do?action=d&uuid=@gtf-escriba-sefa@cbf81a64-e6f4-4d3b-ad6f-de2072168f71
2022/01_Consulta_Detalhada_2022/01_PDF,05_PTE_Despesa_2022_Mai.pdf,https://www.documentador.pr.gov.br/documentador/pub.do?action=d&uuid=@gtf-escriba-sefa@ccf3f611-5c07-4646-8bf1-a83c2b1c5e71
2022/01_Consulta_Detalhada_2022/01_PDF,06_PTE_Despesa_2022_Jun.pdf,https://www.documentador.pr.gov.br/documentador/pub.do?action=d&uuid=@gtf-escriba-sefa@5b6c8273-5891-42ab-8666-c59036ccd042
2022/01_Consulta_Detalhada_2022/01_PDF,07_PTE_Despesa_2022_Jul.pdf,https://www.documentador.pr.gov.br/documentador/pub.do?action=d&uuid=@gtf-escriba-sefa@8086dad2-5f5d-4a55-8bf4-da2d16a40514
2022/01_Consulta_Detalhada_2022/01_PDF,08_PTE_Despesa_2022_Ago.pdf,https://www.documentador.pr.gov.br/documentador/pub.do?action=d&uuid=@gtf-escriba-sefa@5fec1f7e-1981-477e-9362-8151c49efc42
2022/01_Consulta_Detalhada_2022/01_PDF,09_PTE_Despesa_2022_Set.pdf,https://www.documentador.pr.gov.br/documentador/pub.do?action=d&uuid=@gtf-escriba-sefa@167cf83e-2a4c-4b82-90f9-57b4ba2344c2
2022/01_Consulta_Detalhada_2022/01_PDF,10_PTE_Despesa_2022_Out.pdf,https://www.documentador.pr.gov.br/documentador/pub.do?action=d&uuid=@gtf-escriba-sefa@5050637c-13ee-4785-ba97-5056f82a0a22
2022/01_Consulta_Detalhada_2022/01_PDF,11_PTEDespesa112022_Nov.pdf,https://www.documentador.pr.gov.br/documentador/pub.do?action=d&uuid=@gtf-escriba-sefa@24835f87-71d9-4978-a1d9-e7e545dd2525
2022/01_Consulta_Detalhada_2022/02_XLS,01_Consulta_Detalhada_Atualizada_Jan_Dez_2022.xlsx,https://www.documentador.pr.gov.br/documentador/pub.do?action=d&uuid=@gtf-escriba-sefa@97d6bc1d-5ec4-49e0-96c7-bc2459d2db79
2022/01_Consulta_Detalhada_2022/03_ODS,01_Consulta_Detalhada_Atualizada_Jan_Dez_2022.ods,https://www.documentador.pr.gov.br/documentador/pub.do?action=d&uuid=@gtf-escriba-sefa@7eb52c26-eac7-4d23-bfee-dafff0544bc5
2022/01_Consulta_Detalhada_2022/03_ODS,01_Despesas_Jan_2022.ods,https://www.documentador.pr.gov.br/documentador/pub.do?action=d&uuid=@gtf-escriba-sefa@78e2e976-0450-479a-8a77-0ef789b21c27
2022/01_Consulta_Detalhada_2022/03_ODS,02_Despesas_Fev_2022.ods,https://www.documentador.pr.gov.br/documentador/pub.do?action=d&uuid=@gtf-escriba-sefa@c8dc8f0f-96a8-4c86-8f7c-0159b2d2cc2f
2022/01_Consulta_Detalhada_2022/03_ODS,03_Despesas_Mar_2022.ods,https://www.documentador.pr.gov.br/documentador/pub.do?action=d&uuid=@gtf-escriba-sefa@ea5ec92f-5287-49b7-bf3e-214fda7f7ccf
2022/01_Consulta_Detalhada_2022/03_ODS,04_Despesas_Abr_2022.ods,https://www.documentador.pr.gov.br/documentador/pub.do?action=d&uuid=@gtf-escriba-sefa@4a450dbb-37cd-4cce-91db-1a3b6686aac6
2022/01_Consulta_Detalhada_2022/03_ODS,05_Despesas_Mai_2022.ods,https://www.documentador.pr.gov.br/documentador/pub.do?action=d&uuid=@gtf-escriba-sefa@0254147a-b95a-4e6b-b3a8-ffceb78f3142
2022/01_Consulta_Detalhada_2022/03_ODS,06_Despesas_Jun_2022.ods,https://www.documentador.pr.gov.br/documentador/pub.do?action=d&uuid=@gtf-escriba-sefa@e461057d-22e2-425e-8de3-9f109e45c7ec
2022/01_Consulta_Detalhada_2022/03_ODS,07_Despesas_Jul_2022.ods,https://www.documentador.pr.gov.br/documentador/pub.do?action=d&uuid=@gtf-escriba-sefa@83d12c6a-a83b-4877-affe-799cfa07a3a3
2022/01_Consulta_Detalhada_2022/03_ODS,08_Despesas_Ago_2022.ods,https://www.documentador.pr.gov.br/documentador/pub.do?action=d&uuid=@gtf-escriba-sefa@4d6d3250-9454-4740-af19-ab18887b4094
2022/01_Consulta_Detalhada_2022/03_ODS,09_Despesas_Set_2022.ods,https://www.documentador.pr.gov.br/documentador/pub.do?action=d&uuid=@gtf-escriba-sefa@378dcdcd-fd86-4f77-8914-dc57c70caed5
2022/01_Consulta_Detalhada_2022/03_ODS,10_ODS_Despesas_Out_2022.ods,https://www.documentador.pr.gov.br/documentador/pub.do?action=d&uuid=@gtf-escriba-sefa@5bbfc663-1489-467c-ad6e-5ba663554bc0
2022/01_Consulta_Detalhada_2022/03_ODS,11_ODS_Despesas_Nov_2022.ods,https://www.documentador.pr.gov.br/documentador/pub.do?action=d&uuid=@gtf-escriba-sefa@a6f44067-6a10-4437-b7be-06f3ba3c07f9
2022/01_Consulta_Detalhada_2022/04_CSV,01_Consulta_Detalhada_Atualizada_Jan_Dez_2022.csv,https://www.documentador.pr.gov.br/documentador/pub.do?action=d&uuid=@gtf-escriba-sefa@f438e780-7f93-4211-b7ac-b2cb2d5233e3
2022/01_Consulta_Detalhada_2022/04_CSV,01_Despesas_Jan_2022.csv,https://www.documentador.pr.gov.br/documentador/pub.do?action=d&uuid=@gtf-escriba-sefa@286de892-4c80-4b6f-90f2-998e7c5314a9
2022/01_Consulta_Detalhada_2022/04_CSV,02_Despesas_Fev_2022.csv,https://www.documentador.pr.gov.br/documentador/pub.do?action=d&uuid=@gtf-escriba-sefa@bb83c690-c191-4f0d-ae9d-a38fb1dff8f8
2022/01_Consulta_Detalhada_2022/04_CSV,03_Despesas_Mar_2022.csv,https://www.documentador.pr.gov.br/documentador/pub.do?action=d&uuid=@gtf-escriba-sefa@b6a516ed-0ed1-44ca-845c-ecfcc76eb9ed
2022/01_Consulta_Detalhada_2022/04_CSV,04_Despesas_Abr_2022.csv,https://www.documentador.pr.gov.br/documentador/pub.do?action=d&uuid=@gtf-escriba-sefa@278052d6-e063-4475-8d5c-0bf186900a50
2022/01_Consulta_Detalhada_2022/04_CSV,05_Despesas_Mai_2022.csv,https://www.documentador.pr.gov.br/documentador/pub.do?action=d&uuid=@gtf-escriba-sefa@24d704b0-725c-45f5-8dfe-040893deeff7
2022/01_Consulta_Detalhada_2022/04_CSV,06_Despesas_Jun_2022.csv,https://www.documentador.pr.gov.br/documentador/pub.do?action=d&uuid=@gtf-escriba-sefa@f45d4618-adec-429d-8eb6-01bc3c5a15c7
2022/01_Consulta_Detalhada_2022/04_CSV,07_Despesas_JuL_2022.csv,https://www.documentador.pr.gov.br/documentador/pub.do?action=d&uuid=@gtf-escriba-sefa@fd63b87c-514b-4845-8402-c9cb3af5da0a
2022/01_Consulta_Detalhada_2022/04_CSV,08_Despesas_Ago_2022.csv,https://www.documentador.pr.gov.br/documentador/pub.do?action=d&uuid=@gtf-escriba-sefa@c5ee50ae-4e52-43e7-9a54-25f7af6ff5c1
2022/01_Consulta_Detalhada_2022/04_CSV,09_Despesas_Set_2022.csv,https://www.documentador.pr.gov.br/documentador/pub.do?action=d&uuid=@gtf-escriba-sefa@9135bf3c-157b-4cb8-8173-4a95314ebc82
2022/01_Consulta_Detalhada_2022/04_CSV,10_CSV_Despesas_Out_2022.csv,https://www.documentador.pr.gov.br/documentador/pub.do?action=d&uuid=@gtf-escriba-sefa@375254fc-e5c1-4cae-841a-9189494d3dca
2022/01_Consulta_Detalhada_2022/04_CSV,11_CSV_Despesas_Nov_2022.csv,https://www.documentador.pr.gov.br/documentador/pub.do?action=d&uuid=@gtf-escriba-sefa@086f66fb-4404-4ff2-a18c-71575eda89e5
2022/02_Pagamentos_Efetuados_e_Consulta_por_Credor_2022/01_XLSX_Pagamentos_2022,01_Pagamentos_Efetuados_Janeiro_2022.xlsx,https://www.documentador.pr.gov.br/documentador/pub.do?action=d&uuid=@gtf-escriba-sefa@320fcdd9-3b0f-4fa5-9413-9d62990a6c60
2022/02_Pagamentos_Efetuados_e_Consulta_por_Credor_2022/01_XLSX_Pagamentos_2022,02_Pagamentos_Efetuados_Fevereiro_2022.xlsx,https://www.documentador.pr.gov.br/documentador/pub.do?action=d&uuid=@gtf-escriba-sefa@1723c019-2d38-4050-a23f-8a64517e1fdc
2022/02_Pagamentos_Efetuados_e_Consulta_por_Credor_2022/01_XLSX_Pagamentos_2022,03_Pagamentos_Efetuados_Março_2022.xlsx,https://www.documentador.pr.gov.br/documentador/pub.do?action=d&uuid=@gtf-escriba-sefa@7086a8ed-3a6e-4502-b8df-a07d9e508462
2022/02_Pagamentos_Efetuados_e_Consulta_por_Credor_2022/01_XLSX_Pagamentos_2022,04_Pagamentos_Efetuados_Abril_2022.xlsx,https://www.documentador.pr.gov.br/documentador/pub.do?action=d&uuid=@gtf-escriba-sefa@faa89e09-91d9-4403-a76f-9f4a5df665a2
2022/02_Pagamentos_Efetuados_e_Consulta_por_Credor_2022/01_XLSX_Pagamentos_2022,05_Pagamentos_Efetuados_Maio_2022.xlsx,https://www.documentador.pr.gov.br/documentador/pub.do?action=d&uuid=@gtf-escriba-sefa@bf31ab0b-f6aa-4b03-8e76-0d3484aa0fb9
2022/02_Pagamentos_Efetuados_e_Consulta_por_Credor_2022/01_XLSX_Pagamentos_2022,06_Pagamentos_Efetuados_Junho_2022.xlsx,https://www.documentador.pr.gov.br/documentador/pub.do?action=d&uuid=@gtf-escriba-sefa@362f4bf6-406c-4ec6-9e75-11a9558edd6c
2022/02_Pagamentos_Efetuados_e_Consulta_por_Credor_2022/01_XLSX_Pagamentos_2022,07_Pagamentos_Efetuados_Julho_2022.xlsx,https://www.documentador.pr.gov.br/documentador/pub.do?action=d&uuid=@gtf-escriba-sefa@a18b74e3-6443-45e6-8630-21a04fe26f0f
2022/02_Pagamentos_Efetuados_e_Consulta_por_Credor_2022/01_XLSX_Pagamentos_2022,08_Pagamentos_Efetuados_Agosto_2022.xlsx,https://www.documentador.pr.gov.br/documentador/pub.do?action=d&uuid=@gtf-escriba-sefa@e9b3bcb9-ce1e-432d-a13c-d13a83e02296
2022/02_Pagamentos_Efetuados_e_Consulta_por_Credor_2022/01_XLSX_Pagamentos_2022,09_Pagamentos_Efetuados_Setembro_2022.xlsx,https://www.documentador.pr.gov.br/documentador/pub.do?action=d&uuid=@gtf-escriba-sefa@9446e553-77bf-4abf-8a32-cfc1ca0fdf64
2022/02_Pagamentos_Efetuados_e_Consulta_por_Credor_2022/01_XLSX_Pagamentos_2022,10_Pagamentos_Efetuados_Outubro_2022.xlsx,https://www.documentador.pr.gov.br/documentador/pub.do?action=d&uuid=@gtf-escriba-sefa@1c1004ab-6d87-4dd9-8022-33270546af3a
2022/02_Pagamentos_Efetuados_e_Consulta_por_Credor_2022/01_XLSX_Pagamentos_2022,11_Pagamentos_Efetuados_Novembro_2022.xlsx,https://www.documentador.pr.gov.br/documentador/pub.do?action=d&uuid=@gtf-escriba-sefa@c654910e-7ea2-433f-8b58-19777e830cde
2022/02_Pagamentos_Efetuados_e_Consulta_por_Credor_2022/01_XLSX_Pagamentos_2022,12_Pagamentos_Efetuados_Dezembro_2022.xlsx,https://www.documentador.pr.gov.br/documentador/pub.do?action=d&uuid=@gtf-escriba-sefa@598bdc36-3db2-488e-9a3c-99dafc6ec8d0
2022/02_Pagamentos_Efetuados_e_Consulta_por_Credor_2022/02_ODS_Pagamentos_2022,01_Pagamentos_Efetuados_Janeiro_2022.ods,https://www.documentador.pr.gov.br/documentador/pub.do?action=d&uuid=@gtf-escriba-sefa@706e7621-f874-4e67-900c-2123dcccf86d
2022/02_Pagamentos_Efetuados_e_Consulta_por_Credor_2022/02_ODS_Pagamentos_2022,02_Pagamentos_Efetuados_Fevereiro_2022.ods,https://www.documentador.pr.gov.br/documentador/pub.do?action=d&uuid=@gtf-escriba-sefa@928605f8-348b-4e2e-8ca7-41736fa156d3
2022/02_Pagamentos_Efetuados_e_Consulta_por_Credor_2022/02_ODS_Pagamentos_2022,03_Pagamentos_Efetuados_Março_2022.ods,https://www.documentador.pr.gov.br/documentador/pub.do?action=d&uuid=@gtf-escriba-sefa@9163f3ee-dd34-4d2b-b2d5-284ecef5319c
2022/02_Pagamentos_Efetuados_e_Consulta_por_Credor_2022/02_ODS_Pagamentos_2022,04_Pagamentos_Efetuados_Abril_2022.ods,https://www.documentador.pr.gov.br/documentador/pub.do?action=d&uuid=@gtf-escriba-sefa@76cb0d96-ce51-465b-a3bb-2d38d75ce06d
2022/02_Pagamentos_Efetuados_e_Consulta_por_Credor_2022/02_ODS_Pagamentos_2022,05_Pagamentos_Efetuados_Maio_2022.ods,https://www.documentador.pr.gov.br/documentador/pub.do?action=d&uuid=@gtf-escriba-sefa@c19b1f6e-7119-45e2-ba8d-b8f7d2d9ba16
2022/02_Pagamentos_Efetuados_e_Consulta_por_Credor_2022/02_ODS_Pagamentos_2022,06_Pagamentos_Efetuados_Junho_2022.ods,https://www.documentador.pr.gov.br/documentador/pub.do?action=d&uuid=@gtf-escriba-sefa@bc3c0fce-fbc0-4e91-9582-4f5269f24ffe
2022/02_Pagamentos_Efetuados_e_Consulta_por_Credor_2022/02_ODS_Pagamentos_2022,07_Pagamentos_Efetuados_Julho_2022.ods,https://www.documentador.pr.gov.br/documentador/pub.do?action=d&uuid=@gtf-escriba-sefa@d0ecdd48-3622-4a25-bdbd-1a740c94aa59
2022/02_Pagamentos_Efetuados_e_Consulta_por_Credor_2022/02_ODS_Pagamentos_2022,08_Pagamentos_Efetuados_Agosto_2022.ods,https://www.documentador.pr.gov.br/documentador/pub.do?action=d&uuid=@gtf-escriba-sefa@1210b71f-ade8-4530-a332-76cc80e1d74e
2022/02_Pagamentos_Efetuados_e_Consulta_por_Credor_2022/02_ODS_Pagamentos_2022,09_Pagamentos_Efetuados_Setembro_2022.ods,https://www.documentador.pr.gov.br/documentador/pub.do?action=d&uuid=@gtf-escriba-sefa@26804b56-3035-489d-90a9-989ed880810a
2022/02_Pagamentos_Efetuados_e_Consulta_por_Credor_2022/02_ODS_Pagamentos_2022,10_Pagamentos_Efetuados_Outubro_2022.ods,https://www.documentador.pr.gov.br/documentador/pub.do?action=d&uuid=@gtf-escriba-sefa@3819e099-4d81-4be0-96a3-ea523f13904e
2022/02_Pagamentos_Efetuados_e_Consulta_por_Credor_2022/02_ODS_Pagamentos_2022,11_Pagamentos_Efetuados_Novembro_2022.ods,https://www.documentador.pr.gov.br/documentador/pub.do?action=d&uuid=@gtf-escriba-sefa@8ce40815-4899-48dd-95dc-7bc269740ff2
2022/02_Pagamentos_Efetuados_e_Consulta_por_Credor_2022/02_ODS_Pagamentos_2022,12_Pagamentos_Efetuados_Dezembro_2022.ods,https://www.documentador.pr.gov.br/documentador/pub.do?action=d&uuid=@gtf-escriba-sefa@2c1b1148-c23a-4e5b-84a1-c818f1e52559
2022/02_Pagamentos_Efetuados_e_Consulta_por_Credor_2022/03_CSV_Pagamentos_2023,01_Pagamentos_Efetuados_Janeiro_2022.csv,https://www.documentador.pr.gov.br/documentador/pub.do?action=d&uuid=@gtf-escriba-sefa@7a394523-8d62-4354-91b8-4c817bc32ac1
2022/02_Pagamentos_Efetuados_e_Consulta_por_Credor_2022/03_CSV_Pagamentos_2023,02_Pagamentos_Efetuados_Fevereiro_2022.csv,https://www.documentador.pr.gov.br/documentador/pub.do?action=d&uuid=@gtf-escriba-sefa@e98fcb6a-566d-4054-ae5e-de234d439e70
2022/02_Pagamentos_Efetuados_e_Consulta_por_Credor_2022/03_CSV_Pagamentos_2023,03_Pagamentos_Efetuados_Março_2022.csv,https://www.documentador.pr.gov.br/documentador/pub.do?action=d&uuid=@gtf-escriba-sefa@82105d77-13fa-40a2-907a-ececf2a62daf
2022/02_Pagamentos_Efetuados_e_Consulta_por_Credor_2022/03_CSV_Pagamentos_2023,04_Pagamentos_Efetuados_Abril_2022.csv,https://www.documentador.pr.gov.br/documentador/pub.do?action=d&uuid=@gtf-escriba-sefa@ad558b88-a164-47a9-980d-d2ae2adb868a
2022/02_Pagamentos_Efetuados_e_Consulta_por_Credor_2022/03_CSV_Pagamentos_2023,05_Pagamentos_Efetuados_Maio_2022.csv,https://www.documentador.pr.gov.br/documentador/pub.do?action=d&uuid=@gtf-escriba-sefa@e87eba69-ed66-4bde-9cf0-b983f6c1e58d
2022/02_Pagamentos_Efetuados_e_Consulta_por_Credor_2022/03_CSV_Pagamentos_2023,06_Pagamentos_Efetuados_Junho_2022.csv,https://www.documentador.pr.gov.br/documentador/pub.do?action=d&uuid=@gtf-escriba-sefa@ebb49030-8eaf-4a2c-a9a6-8bd9f92e48c6
2022/02_Pagamentos_Efetuados_e_Consulta_por_Credor_2022/03_CSV_Pagamentos_2023,07_Pagamentos_Efetuados_Julho_2022.csv,https://www.documentador.pr.gov.br/documentador/pub.do?action=d&uuid=@gtf-escriba-sefa@e94a1d9d-e509-4448-8440-fbe9d010a293
2022/02_Pagamentos_Efetuados_e_Consulta_por_Credor_2022/03_CSV_Pagamentos_2023,08_Pagamentos_Efetuados_Agosto_2022.csv,https://www.documentador.pr.gov.br/documentador/pub.do?action=d&uuid=@gtf-escriba-sefa@6ab74a68-bb63-4979-8e58-133876977377
2022/02_Pagamentos_Efetuados_e_Consulta_por_Credor_2022/03_CSV_Pagamentos_2023,09_Pagamentos_Efetuados_Setembro_2022.csv,https://www.documentador.pr.gov.br/documentador/pub.do?action=d&uuid=@gtf-escriba-sefa@c72c1490-3400-478c-a501-ca8ae8dc4d2e
2022/02_Pagamentos_Efetuados_e_Consulta_por_Credor_2022/03_CSV_Pagamentos_2023,10_Pagamentos_Efetuados_Outubro_2022.csv,https://www.documentador.pr.gov.br/documentador/pub.do?action=d&uuid=@gtf-escriba-sefa@cad5eb63-8db4-48c9-8e8f-ab92ea084757
2022/02_Pagamentos_Efetuados_e_Consulta_por_Credor_2022/03_CSV_Pagamentos_2023,11_Pagamentos_Efetuados_Novembro_2022.csv,https://www.documentador.pr.gov.br/documentador/pub.do?action=d&uuid=@gtf-escriba-sefa@5eea5547-ed27-4a8d-b195-eea92681a7e8
2022/02_Pagamentos_Efetuados_e_Consulta_por_Credor_2022/03_CSV_Pagamentos_2023,12_Pagamentos_Efetuados_Dezembro_2022.csv,https://www.documentador.pr.gov.br/documentador/pub.do?action=d&uuid=@gtf-escriba-sefa@abe66285-73a2-417e-80db-83b4a028bcc9
2023/01_Consulta_Detalhada_2023/01_PDF,01_PDF_Consulta_Detalhada_Atualizada_Jan_2023.pdf,https://www.documentador.pr.gov.br/documentador/pub.do?action=d&uuid=@gtf-escriba-sefa@be1e167e-010e-4228-880d-4a014b41a325
2023/01_Consulta_Detalhada_2023/01_PDF,02_PDF_Consulta_Detalhada_Atualizada_Fev_2023.pdf,https://www.documentador.pr.gov.br/documentador/pub.do?action=d&uuid=@gtf-escriba-sefa@93824eaa-78a7-466e-b0a3-b6d45f6cf640
2023/01_Consulta_Detalhada_2023/01_PDF,03_PDF_Consulta_Detalhada_Atualizada_Mar_2023.pdf,https://www.documentador.pr.gov.br/documentador/pub.do?action=d&uuid=@gtf-escriba-sefa@141d827c-9b0e-4b4a-89f5-a6d4bd2d20d1
2023/01_Consulta_Detalhada_2023/01_PDF,04_PDF_Consulta_Detalhada_Atualizada_Abr_2023.pdf,https://www.documentador.pr.gov.br/documentador/pub.do?action=d&uuid=@gtf-escriba-sefa@f1ea4da1-d649-4889-8225-cd7d0be84cf8
2023/01_Consulta_Detalhada_2023/01_PDF,05_PDF_Consulta_Detalhada_Atualizada_Maio_2023.pdf,https://www.documentador.pr.gov.br/documentador/pub.do?action=d&uuid=@gtf-escriba-sefa@509994aa-af20-4c33-a5f8-65ee2ce4ac70
2023/01_Consulta_Detalhada_2023/01_PDF,06_PDF_Consulta_Detalhada_Atualizada_Junho_2023.pdf,https://www.documentador.pr.gov.br/documentador/pub.do?action=d&uuid=@gtf-escriba-sefa@54e8271f-e0bd-4a1b-9f94-b3a51cba226a
2023/01_Consulta_Detalhada_2023/01_PDF,07_PDF_Consulta_Detalhada_Atualizada_Julho_2023.pdf,https://www.documentador.pr.gov.br/documentador/pub.do?action=d&uuid=@gtf-escriba-sefa@a780fc48-c0a9-44f8-b112-f4567697aa4a
2023/01_Consulta_Detalhada_2023/01_PDF,08_PDF_Consulta_Detalhada_Atualizada_Agosto_2023.pdf,https://www.documentador.pr.gov.br/documentador/pub.do?action=d&uuid=@gtf-escriba-sefa@61bf08b5-2a99-418f-bae2-243a0fb6a912
2023/01_Consulta_Detalhada_2023/01_PDF,09_PDF_Consulta_Detalhada_Atualizada_Setembro_2023.pdf,https://www.documentador.pr.gov.br/documentador/pub.do?action=d&uuid=@gtf-escriba-sefa@78c45095-65a3-4692-a4ea-aa16f1c982ee
2023/01_Consulta_Detalhada_2023/01_PDF,10_PDF_Consulta_Detalhada_Atualizada_Outubro_2023.pdf,https://www.documentador.pr.gov.br/documentador/pub.do?action=d&uuid=@gtf-escriba-sefa@fbf4f024-c12c-49f6-a41c-081cad5f9f49
2023/01_Consulta_Detalhada_2023/01_PDF,11_PDF_Consulta_Detalhada_Atualizada_Novembro_2023.pdf,https://www.documentador.pr.gov.br/documentador/pub.do?action=d&uuid=@gtf-escriba-sefa@c3c1d6e7-b155-45b2-90f1-82cc625a8b00
2023/01_Consulta_Detalhada_2023/01_PDF,12_PDF_Consulta_Detalhada_Atualizada_Dezembro_2023.pdf,https://www.documentador.pr.gov.br/documentador/pub.do?action=d&uuid=@gtf-escriba-sefa@1744607c-8382-4bb0-950f-bc40f078d2a3
2023/01_Consulta_Detalhada_2023/02_XLS,01_Despesas_Jan_2023.xlsx,https://www.documentador.pr.gov.br/documentador/pub.do?action=d&uuid=@gtf-escriba-sefa@bdd7d7fc-3768-4e38-b0be-49a3e2615651
2023/01_Consulta_Detalhada_2023/02_XLS,02_Despesas_Fev_2023.xlsx,https://www.documentador.pr.gov.br/documentador/pub.do?action=d&uuid=@gtf-escriba-sefa@ca1b7424-db8d-4e47-8525-ecedd9489ec4
2023/01_Consulta_Detalhada_2023/02_XLS,03_Despesas_Mar_2023.xlsx,https://www.documentador.pr.gov.br/documentador/pub.do?action=d&uuid=@gtf-escriba-sefa@1dd72644-52e5-40c7-ad0f-51d6f31e9d21
2023/01_Consulta_Detalhada_2023/02_XLS,04_Despesas_Abr_2023.xlsx,https://www.documentador.pr.gov.br/documentador/pub.do?action=d&uuid=@gtf-escriba-sefa@2972903c-e909-40b4-b697-47abb08c6178
2023/01_Consulta_Detalhada_2023/02_XLS,05_Despesas_Maio_2023.xlsx,https://www.documentador.pr.gov.br/documentador/pub.do?action=d&uuid=@gtf-escriba-sefa@a6211fe7-6fe9-4b8a-a9f0-1d672de7a17b
2023/01_Consulta_Detalhada_2023/02_XLS,06_Despesas_Junho_2023.xlsx,https://www.documentador.pr.gov.br/documentador/pub.do?action=d&uuid=@gtf-escriba-sefa@ff54f74b-79e3-4ba3-a4d0-a9356bd7efe7
2023/01_Consulta_Detalhada_2023/02_XLS,07_Despesas_Julho_2023.xlsx,https://www.documentador.pr.gov.br/documentador/pub.do?action=d&uuid=@gtf-escriba-sefa@75a43c87-1cf9-472e-b9d4-6379d95d3fcd
2023/01_Consulta_Detalhada_2023/02_XLS,08_Despesas_Agosto_2023.xlsx,https://www.documentador.pr.gov.br/documentador/pub.do?action=d&uuid=@gtf-escriba-sefa@4337cf3f-b5bb-415d-9a82-79cd630bcf5a
2023/01_Consulta_Detalhada_2023/02_XLS,09_Despesas_Setembro_2023.xlsx,https://www.documentador.pr.gov.br/documentador/pub.do?action=d&uuid=@gtf-escriba-sefa@ac13d5e9-0ce1-43a1-aec4-24e548f633d7
2023/01_Consulta_Detalhada_2023/02_XLS,10_Despesas_Outubro_2023.xlsx,https://www.documentador.pr.gov.br/documentador/pub.do?action=d&uuid=@gtf-escriba-sefa@98fb515f-903e-4112-afbc-5b9c0fc3cb5a
2023/01_Consulta_Detalhada_2023/02_XLS,11_Despesas_Novembro_2023.xlsx,https://www.documentador.pr.gov.br/documentador/pub.do?action=d&uuid=@gtf-escriba-sefa@efebdf23-92c7-45a1-92fc-0e31e935b90d
2023/01_Consulta_Detalhada_2023/02_XLS,12_Despesas_Dezembrobro_2023.xlsx,https://www.documentador.pr.gov.br/documentador/pub.do?action=d&uuid=@gtf-escriba-sefa@ccf46027-60c8-4d27-8da5-502898eab4ee
2023/01_Consulta_Detalhada_2023/02_XLS,Consulta_Detalhada_Atualizada_Dezembro_2023.xlsx,https://www.documentador.pr.gov.br/documentador/pub.do?action=d&uuid=@gtf-escriba-sefa@4695b8dd-b83f-4b17-88ee-1abdba9f6d9e
2023/01_Consulta_Detalhada_2023/03_ODS,01_Despesas_Jan_2023.ods,https://www.documentador.pr.gov.br/documentador/pub.do?action=d&uuid=@gtf-escriba-sefa@1f691720-5fb5-4919-a1b2-8fbc802a30f8
2023/01_Consulta_Detalhada_2023/03_ODS,02_Despesas_Fev_2023.ods,https://www.documentador.pr.gov.br/documentador/pub.do?action=d&uuid=@gtf-escriba-sefa@288d63b9-fe63-4eaa-a2ae-a0f334dd37ac
2023/01_Consulta_Detalhada_2023/03_ODS,03_Despesas_Mar_2023.ods,https://www.documentador.pr.gov.br/documentador/pub.do?action=d&uuid=@gtf-escriba-sefa@2d307764-6577-4e9b-881b-3410bbff9f41
2023/01_Consulta_Detalhada_2023/03_ODS,04_Despesas_Abr_2023.ods,https://www.documentador.pr.gov.br/documentador/pub.do?action=d&uuid=@gtf-escriba-sefa@bc80c557-aed9-4e40-9563-d32ed35902e9
2023/01_Consulta_Detalhada_2023/03_ODS,05_Despesas_Maio_2023.ods,https://www.documentador.pr.gov.br/documentador/pub.do?action=d&uuid=@gtf-escriba-sefa@a8dbdf66-9f1c-43e0-9c68-69ed97766a0c
2023/01_Consulta_Detalhada_2023/03_ODS,06_Despesas_Junho_2023.ods,https://www.documentador.pr.gov.br/documentador/pub.do?action=d&uuid=@gtf-escriba-sefa@aa24668e-0ad7-4761-8e5f-f6513a543ff0
2023/01_Consulta_Detalhada_2023/03_ODS,07_Despesas_Julho_2023.ods,https://www.documentador.pr.gov.br/documentador/pub.do?action=d&uuid=@gtf-escriba-sefa@5aceb033-6f4c-48f7-baf5-3cfd8f14ada7
2023/01_Consulta_Detalhada_2023/03_ODS,08_Despesas_Agosto_2023.ods,https://www.documentador.pr.gov.br/documentador/pub.do?action=d&uuid=@gtf-escriba-sefa@adae2e19-e1e5-4f24-ada3-b294d1358e95
2023/01_Consulta_Detalhada_2023/03_ODS,09_Despesas_Setembro_2023.ods,https://www.documentador.pr.gov.br/documentador/pub.do?action=d&uuid=@gtf-escriba-sefa@ad593cd4-a76d-43ae-a3ee-50beb8141f0e
2023/01_Consulta_Detalhada_2023/03_ODS,10_Despesas_Outubro_2023.ods,https://www.documentador.pr.gov.br/documentador/pub.do?action=d&uuid=@gtf-escriba-sefa@ff166c59-61a8-4078-af5f-d15f1fb3d97c
2023/01_Consulta_Detalhada_2023/03_ODS,11_Despesas_Novembro_2023.ods,https://www.documentador.pr.gov.br/documentador/pub.do?action=d&uuid=@gtf-escriba-sefa@bea6e33e-34c7-430c-88fc-0f976fa66974
2023/01_Consulta_Detalhada_2023/03_ODS,12_Despesas_Dezembrobro_2023.ods,https://www.documentador.pr.gov.br/documentador/pub.do?action=d&uuid=@gtf-escriba-sefa@4c9eadc8-40b5-4dc5-b396-6576f7b6acff
2023/01_Consulta_Detalhada_2023/03_ODS,Consulta_Detalhada_Atualizada_Dezembro_2023.ods,https://www.documentador.pr.gov.br/documentador/pub.do?action=d&uuid=@gtf-escriba-sefa@f7e24d49-c9bb-46f2-8c50-1e72c412bf91
2023/01_Consulta_Detalhada_2023/04_CSV,01_Despesas_Jan_2023.csv,https://www.documentador.pr.gov.br/documentador/pub.do?action=d&uuid=@gtf-escriba-sefa@5441d923-7ee6-4323-82ad-d4aa8ed5fb85
2023/01_Consulta_Detalhada_2023/04_CSV,02_Despesas_Fev_2023.csv,https://www.documentador.pr.gov.br/documentador/pub.do?action=d&uuid=@gtf-escriba-sefa@e7d57bf3-92e0-4c9f-96ec-6c28f751989d
2023/01_Consulta_Detalhada_2023/04_CSV,03_Despesas_Mar_2023.csv,https://www.documentador.pr.gov.br/documentador/pub.do?action=d&uuid=@gtf-escriba-sefa@041d8e82-dd20-451f-96de-3932c4b8dcad
2023/01_Consulta_Detalhada_2023/04_CSV,04_Despesas_Abr_2023.csv,https://www.documentador.pr.gov.br/documentador/pub.do?action=d&uuid=@gtf-escriba-sefa@43550a4a-aa17-4cfe-9d0d-c61f67cc29ad
2023/01_Consulta_Detalhada_2023/04_CSV,05_Despesas_Maio_2023.csv,https://www.documentador.pr.gov.br/documentador/pub.do?action=d&uuid=@gtf-escriba-sefa@99ed1c6c-6aaf-4f3d-97b6-7b711d863ec9
2023/01_Consulta_Detalhada_2023/04_CSV,06_Despesas_Junho_2023.csv,https://www.documentador.pr.gov.br/documentador/pub.do?action=d&uuid=@gtf-escriba-sefa@b95b2c7c-b66f-4a7b-931a-8d9da805cf13
2023/01_Consulta_Detalhada_2023/04_CSV,07_Despesas_Julho_2023.csv,https://www.documentador.pr.gov.br/documentador/pub.do?action=d&uuid=@gtf-escriba-sefa@5c5f571c-ed79-4c5a-b0b0-efa439037e89
2023/01_Consulta_Detalhada_2023/04_CSV,08_Despesas_Agosto_2023.csv,https://www.documentador.pr.gov.br/documentador/pub.do?action=d&uuid=@gtf-escriba-sefa@8015b69c-f232-486d-810a-45e1daf37008
2023/01_Consulta_Detalhada_2023/04_CSV,09_Despesas_Setembro_2023.csv,https://www.documentador.pr.gov.br/documentador/pub.do?action=d&uuid=@gtf-escriba-sefa@d5b5c036-2304-4883-8387-37267e15c44d
2023/01_Consulta_Detalhada_2023/04_CSV,10_Despesas_Outubro_2023.csv,https://www.documentador.pr.gov.br/documentador/pub.do?action=d&uuid=@gtf-escriba-sefa@d79122ab-1a44-4b14-8dbb-365c2c904d88
2023/01_Consulta_Detalhada_2023/04_CSV,11_Despesas_Novembro_2023.csv,https://www.documentador.pr.gov.br/documentador/pub.do?action=d&uuid=@gtf-escriba-sefa@865cebbb-aaf1-4132-976d-68bc978b9e77
2023/01_Consulta_Detalhada_2023/04_CSV,12_Despesas_Dezembrobro_2023.csv,https://www.documentador.pr.gov.br/documentador/pub.do?action=d&uuid=@gtf-escriba-sefa@33a72216-fdd7-46b5-a99a-f2e50bea13fe
2023/01_Consulta_Detalhada_2023/04_CSV,Consulta_Detalhada_Atualizada_Dezembro_2023.csv,https://www.documentador.pr.gov.br/documentador/pub.do?action=d&uuid=@gtf-escriba-sefa@94ea0361-c9c2-464c-a13e-a3a6b024c091
2023/02_Pagamentos_Efetuados_Credor_2023/01_XLSX,01_Pagamentos_Efetuados_Janeiro_2023.xlsx,https://www.documentador.pr.gov.br/documentador/pub.do?action=d&uuid=@gtf-escriba-sefa@21857910-f2eb-4519-87ff-c49747bbcb5b
2023/02_Pagamentos_Efetuados_Credor_2023/01_XLSX,02_Pagamentos_Efetuados_Fevereiro_2023.xlsx,https://www.documentador.pr.gov.br/documentador/pub.do?action=d&uuid=@gtf-escriba-sefa@a4c1a460-1d60-4f33-bb45-1682f62b2aee
2023/02_Pagamentos_Efetuados_Credor_2023/01_XLSX,03_Pagamentos_Efetuados_Março_2023.xlsx,https://www.documentador.pr.gov.br/documentador/pub.do?action=d&uuid=@gtf-escriba-sefa@28fd3755-8e23-4b82-847f-8b9ed91834a9
2023/02_Pagamentos_Efetuados_Credor_2023/01_XLSX,04_Pagamentos_Efetuados_Abril_2023.xlsx,https://www.documentador.pr.gov.br/documentador/pub.do?action=d&uuid=@gtf-escriba-sefa@948b2dfe-1192-4c67-adef-6bd38b642a26
2023/02_Pagamentos_Efetuados_Credor_2023/01_XLSX,05_Pagamentos_Efetuados_Maio_2023.xlsx,https://www.documentador.pr.gov.br/documentador/pub.do?action=d&uuid=@gtf-escriba-sefa@6e98ca7b-90cb-495a-ab10-3bad875d55fd
2023/02_Pagamentos_Efetuados_Credor_2023/01_XLSX,06_Pagamentos_Efetuados_Junho_2023.xlsx,https://www.documentador.pr.gov.br/documentador/pub.do?action=d&uuid=@gtf-escriba-sefa@06b8f93a-1848-4638-9e61-aca5f2759b6e
2023/02_Pagamentos_Efetuados_Credor_2023/01_XLSX,07_Pagamentos_Efetuados_Julho_2023.xlsx,https://www.documentador.pr.gov.br/documentador/pub.do?action=d&uuid=@gtf-escriba-sefa@6b457818-ff5b-483b-844f-493d09b87e5b
2023/02_Pagamentos_Efetuados_Credor_2023/01_XLSX,08_Pagamentos_Efetuados_Agosto_2023.xlsx,https://www.documentador.pr.gov.br/documentador/pub.do?action=d&uuid=@gtf-escriba-sefa@493cb663-7d87-4de5-8a2c-7056ce3bc9b3
2023/02_Pagamentos_Efetuados_Credor_2023/01_XLSX,09_Pagamentos_Efetuados_Setembro_2023.xlsx,https://www.documentador.pr.gov.br/documentador/pub.do?action=d&uuid=@gtf-escriba-sefa@840b4ec5-bc1f-4736-8344-57a8f832853c
2023/02_Pagamentos_Efetuados_Credor_2023/01_XLSX,10_Pagamentos_Efetuados_Outubro_2023.xlsx,https://www.documentador.pr.gov.br/documentador/pub.do?action=d&uuid=@gtf-escriba-sefa@5a1dc639-17c7-4025-91ad-64ff28f364a5
2023/02_Pagamentos_Efetuados_Credor_2023/01_XLSX,11_Pagamentos_Efetuados_Novembro_2023.xlsx,https://www.documentador.pr.gov.br/documentador/pub.do?action=d&uuid=@gtf-escriba-sefa@f78ced0b-71eb-4645-b96c-3c8ac2e61d9a
2023/02_Pagamentos_Efetuados_Credor_2023/01_XLSX,12_Pagamentos_Efetuados_Dezembro_2023.xlsx,https://www.documentador.pr.gov.br/documentador/pub.do?action=d&uuid=@gtf-escriba-sefa@9a30e289-0f80-4384-a11a-52e8ce985894
2023/02_Pagamentos_Efetuados_Credor_2023/02_ODS,01_Pagamentos_Efetuados_Janeiro_2023.ods,https://www.documentador.pr.gov.br/documentador/pub.do?action=d&uuid=@gtf-escriba-sefa@14a7c854-c8e8-4ea0-b9cd-cc392af04631
2023/02_Pagamentos_Efetuados_Credor_2023/02_ODS,02_Pagamentos_Efetuados_Fevereiro_2023.ods,https://www.documentador.pr.gov.br/documentador/pub.do?action=d&uuid=@gtf-escriba-sefa@8b848b9f-88d3-4745-b8a6-2ac24ed68c41
2023/02_Pagamentos_Efetuados_Credor_2023/02_ODS,03_Pagamentos_Efetuados_Março_2023.ods,https://www.documentador.pr.gov.br/documentador/pub.do?action=d&uuid=@gtf-escriba-sefa@2a72ee20-20f7-4250-b6a0-fcc1ce2997bb
2023/02_Pagamentos_Efetuados_Credor_2023/02_ODS,04_Pagamentos_Efetuados_Abril_2023.ods,https://www.documentador.pr.gov.br/documentador/pub.do?action=d&uuid=@gtf-escriba-sefa@8dcfcdb7-cff0-4bdf-96fc-de453003cacf
2023/02_Pagamentos_Efetuados_Credor_2023/02_ODS,05_Pagamentos_Efetuados_Maio_2023.ods,https://www.documentador.pr.gov.br/documentador/pub.do?action=d&uuid=@gtf-escriba-sefa@95b4d029-cea9-4edf-bf4c-906aeb5d5f59
2023/02_Pagamentos_Efetuados_Credor_2023/02_ODS,06_Pagamentos_Efetuados_Junho_2023.ods,https://www.documentador.pr.gov.br/documentador/pub.do?action=d&uuid=@gtf-escriba-sefa@d95bbc4e-57c4-463b-98ad-70d023f3eae7
2023/02_Pagamentos_Efetuados_Credor_2023/02_ODS,07_Pagamentos_Efetuados_Julho_2023.ods,https://www.documentador.pr.gov.br/documentador/pub.do?action=d&uuid=@gtf-escriba-sefa@73e96e55-9f63-4bc4-866f-90f53bf0f995
2023/02_Pagamentos_Efetuados_Credor_2023/02_ODS,08_Pagamentos_Efetuados_Agosto_2023.ods,https://www.documentador.pr.gov.br/documentador/pub.do?action=d&uuid=@gtf-escriba-sefa@e51bf91c-9164-433a-bb2d-643ffb8eaf27
2023/02_Pagamentos_Efetuados_Credor_2023/02_ODS,09_Pagamentos_Efetuados_Setembro_2023.ods,https://www.documentador.pr.gov.br/documentador/pub.do?action=d&uuid=@gtf-escriba-sefa@e7beeec9-82de-4ffc-99db-5e020fff1df1
2023/02_Pagamentos_Efetuados_Credor_2023/02_ODS,10_Pagamentos_Efetuados_Outubro_2023.ods,https://www.documentador.pr.gov.br/documentador/pub.do?action=d&uuid=@gtf-escriba-sefa@285054b0-38c3-4ec0-bc24-fce0d6632971
2023/02_Pagamentos_Efetuados_Credor_2023/02_ODS,11_Pagamentos_Efetuados_Novembro_2023.ods,https://www.documentador.pr.gov.br/documentador/pub.do?action=d&uuid=@gtf-escriba-sefa@3a093249-7d3b-4649-b89c-7aa8d14a60eb
2023/02_Pagamentos_Efetuados_Credor_2023/02_ODS,12_Pagamentos_Efetuados_Dezembro_2023.ods,https://www.documentador.pr.gov.br/documentador/pub.do?action=d&uuid=@gtf-escriba-sefa@b8a96c05-5054-4813-b60f-bb32fd395ded
2023/02_Pagamentos_Efetuados_Credor_2023/03_CSV,01_Pagamentos_Efetuados_Janeiro_2023.csv,https://www.documentador.pr.gov.br/documentador/pub.do?action=d&uuid=@gtf-escriba-sefa@cb25a8e0-e375-4797-bb37-0d31a9f2782c
2023/02_Pagamentos_Efetuados_Credor_2023/03_CSV,02_Pagamentos_Efetuados_Fevereiro_2023.csv,https://www.documentador.pr.gov.br/documentador/pub.do?action=d&uuid=@gtf-escriba-sefa@f4a438c7-32da-4220-8669-a189ed5f6b4d
2023/02_Pagamentos_Efetuados_Credor_2023/03_CSV,03_Pagamentos_Efetuados_Março_2023.csv,https://www.documentador.pr.gov.br/documentador/pub.do?action=d&uuid=@gtf-escriba-sefa@e0f0ebbf-207c-4343-acb4-f1c61d91d439
2023/02_Pagamentos_Efetuados_Credor_2023/03_CSV,04_Pagamentos_Efetuados_Abril_2023.csv,https://www.documentador.pr.gov.br/documentador/pub.do?action=d&uuid=@gtf-escriba-sefa@c1506659-a97f-4350-a685-a4f136254f24
2023/02_Pagamentos_Efetuados_Credor_2023/03_CSV,05_Pagamentos_Efetuados_Maio_2023.csv,https://www.documentador.pr.gov.br/documentador/pub.do?action=d&uuid=@gtf-escriba-sefa@a0d43b98-2b2d-45a0-aa03-26d8c3aaab5e
2023/02_Pagamentos_Efetuados_Credor_2023/03_CSV,06_Pagamentos_Efetuados_Junho_2023.csv,https://www.documentador.pr.gov.br/documentador/pub.do?action=d&uuid=@gtf-escriba-sefa@51301068-a09a-403c-8ee4-e485aa4d94c0
2023/02_Pagamentos_Efetuados_Credor_2023/03_CSV,07_Pagamentos_Efetuados_Julho_2023.csv,https://www.documentador.pr.gov.br/documentador/pub.do?action=d&uuid=@gtf-escriba-sefa@741c3230-1c27-4245-b060-1ee374b3fa8d
2023/02_Pagamentos_Efetuados_Credor_2023/03_CSV,08_Pagamentos_Efetuados_Agosto_2023.csv,https://www.documentador.pr.gov.br/documentador/pub.do?action=d&uuid=@gtf-escriba-sefa@1febb257-3442-4ce5-beeb-b721b0c25b03
2023/02_Pagamentos_Efetuados_Credor_2023/03_CSV,09_Pagamentos_Efetuados_Setembro_2023.csv,https://www.documentador.pr.gov.br/documentador/pub.do?action=d&uuid=@gtf-escriba-sefa@df9293c6-7ce9-4bd6-97fe-e63b1c2504f2
2023/02_Pagamentos_Efetuados_Credor_2023/03_CSV,10_Pagamentos_Efetuados_Outubro_2023.csv,https://www.documentador.pr.gov.br/documentador/pub.do?action=d&uuid=@gtf-escriba-sefa@b826385e-c6e7-46f2-bd51-cc80bb2d8e51
2023/02_Pagamentos_Efetuados_Credor_2023/03_CSV,11_Pagamentos_Efetuados_Novembro_2023.csv,https://www.documentador.pr.gov.br/documentador/pub.do?action=d&uuid=@gtf-escriba-sefa@ddbfc698-4953-4af5-b9e0-7cbb84167b78
2023/02_Pagamentos_Efetuados_Credor_2023/03_CSV,12_Pagamentos_Efetuados_Dezembro_2023.csv,https://www.documentador.pr.gov.br/documentador/pub.do?action=d&uuid=@gtf-escriba-sefa@e2325ad4-aef9-4eab-b178-80e506b3c8f3
